{
 "cavL0prop_eppler387_Re200k_a0": {
  "CL": 0.3841,
  "CD": 0.01203,
  "xtr_up": 0.643,
  "xtr_lo": 0.9985,
  "steps": 19996,
  "converged": true,
  "dt_min": 2.9
 },
 "cavL0prop_eppler387_Re200k_a7": {
  "CL": 1.1248,
  "CD": 0.02027,
  "xtr_up": 0.3943,
  "xtr_lo": 0.9983,
  "steps": 19996,
  "converged": true,
  "dt_min": 2.6
 },
 "cavL0prop_eppler387_Re200k_a5": {
  "CL": 0.9246,
  "CD": 0.0161,
  "xtr_up": 0.492,
  "xtr_lo": 0.9983,
  "steps": 19996,
  "converged": true,
  "dt_min": 2.6
 },
 "cavL0prop_eppler387_Re200k_a2": {
  "CL": 0.6055,
  "CD": 0.01255,
  "xtr_up": 0.573,
  "xtr_lo": 0.9985,
  "steps": 19996,
  "converged": true,
  "dt_min": 2.6
 },
 "cavL1prop_eppler387_Re200k_a0": {
  "CL": 0.3971,
  "CD": 0.01032,
  "xtr_up": 0.652,
  "xtr_lo": 0.9987,
  "steps": 19996,
  "converged": true,
  "dt_min": 5.5
 },
 "cavL1prop_eppler387_Re200k_a2": {
  "CL": 0.6207,
  "CD": 0.01157,
  "xtr_up": 0.5936,
  "xtr_lo": 0.9985,
  "steps": 19996,
  "converged": true,
  "dt_min": 5.5
 },
 "cavL1prop_eppler387_Re200k_a5": {
  "CL": 0.9462,
  "CD": 0.01459,
  "xtr_up": 0.5126,
  "xtr_lo": 0.9983,
  "steps": 19996,
  "converged": true,
  "dt_min": 5.5
 },
 "cavL1prop_eppler387_Re200k_a7": {
  "CL": 1.1596,
  "CD": 0.01554,
  "xtr_up": 0.3898,
  "xtr_lo": 0.9982,
  "steps": 24995,
  "converged": true,
  "dt_min": 8.1
 },
 "cavL2prop_eppler387_Re200k_a0": {
  "CL": 0.3908,
  "CD": 0.01054,
  "xtr_up": 0.6698,
  "xtr_lo": 0.9989,
  "steps": 24995,
  "converged": true,
  "dt_min": 23.6
 },
 "cavL2prop_eppler387_Re200k_a2": {
  "CL": 0.6126,
  "CD": 0.01202,
  "xtr_up": 0.6107,
  "xtr_lo": 0.9987,
  "steps": 24995,
  "converged": true,
  "dt_min": 23.6
 },
 "cavL2prop_eppler387_Re200k_a5": {
  "CL": 0.9365,
  "CD": 0.01481,
  "xtr_up": 0.5263,
  "xtr_lo": 0.9984,
  "steps": 24995,
  "converged": true,
  "dt_min": 23.6
 },
 "strL0prop_eppler387_Re200k_a0": {
  "CL": 0.3869,
  "CD": 0.01313,
  "xtr_up": 0.645,
  "xtr_lo": 0.998,
  "steps": 19996,
  "converged": true,
  "dt_min": 2.3
 },
 "strL0prop_eppler387_Re200k_a2": {
  "CL": 0.6083,
  "CD": 0.01411,
  "xtr_up": 0.59,
  "xtr_lo": 0.998,
  "steps": 19996,
  "converged": true,
  "dt_min": 2.3
 },
 "strL0prop_eppler387_Re200k_a5": {
  "CL": 0.9075,
  "CD": 0.02051,
  "xtr_up": 0.48,
  "xtr_lo": 0.9981,
  "steps": 19996,
  "converged": true,
  "dt_min": 2.3
 },
 "strL0prop_eppler387_Re200k_a7": {
  "CL": 1.0691,
  "CD": 0.02675,
  "xtr_up": 0.31,
  "xtr_lo": 0.9976,
  "steps": 19996,
  "converged": true,
  "dt_min": 2.3
 },
 "strL1prop_eppler387_Re200k_a2": {
  "CL": 0.6056,
  "CD": 0.01228,
  "xtr_up": 0.6104,
  "xtr_lo": 1.0,
  "steps": 19996,
  "converged": true,
  "dt_min": 5.2
 },
 "strL1prop_eppler387_Re200k_a5": {
  "CL": 0.9214,
  "CD": 0.01626,
  "xtr_up": 0.5185,
  "xtr_lo": 0.9997,
  "steps": 19996,
  "converged": true,
  "dt_min": 5.2
 },
 "strL1prop_eppler387_Re200k_a0": {
  "CL": 0.3855,
  "CD": 0.01101,
  "xtr_up": 0.6738,
  "xtr_lo": 1.0,
  "steps": 24995,
  "converged": true,
  "dt_min": 7.6
 },
 "cavL2prop_eppler387_Re200k_a7": {
  "CL": 1.1532,
  "CD": 0.01425,
  "xtr_up": 0.3937,
  "xtr_lo": 0.9983,
  "steps": 29994,
  "converged": true,
  "dt_min": 34.9
 },
 "strL1prop_eppler387_Re200k_a7": {
  "CL": 1.1268,
  "CD": 0.01681,
  "xtr_up": 0.3787,
  "xtr_lo": 0.9997,
  "steps": 19996,
  "converged": true,
  "dt_min": 5.2
 },
 "strL2prop_eppler387_Re200k_a0": {
  "CL": 0.3879,
  "CD": 0.01067,
  "xtr_up": 0.6811,
  "xtr_lo": 0.999,
  "steps": 29994,
  "converged": true,
  "dt_min": 33.1
 },
 "strL2prop_eppler387_Re200k_a2": {
  "CL": 0.6068,
  "CD": 0.01223,
  "xtr_up": 0.6179,
  "xtr_lo": 0.9987,
  "steps": 29994,
  "converged": true,
  "dt_min": 33.1
 },
 "strL2prop_eppler387_Re200k_a5": {
  "CL": 0.9255,
  "CD": 0.01552,
  "xtr_up": 0.5311,
  "xtr_lo": 0.9984,
  "steps": 29994,
  "converged": true,
  "dt_min": 33.1
 },
 "strL2prop_eppler387_Re200k_a7": {
  "CL": 1.1411,
  "CD": 0.01442,
  "xtr_up": 0.4041,
  "xtr_lo": 0.9983,
  "steps": 34993,
  "converged": true,
  "dt_min": 43.9
 }
}