{
 "cavL0prop_nlf0416_Re4M_a0": {
  "CL": 0.4893,
  "CD": 0.0081,
  "xtr_up": 0.3553,
  "xtr_lo": 0.5903,
  "steps": 19996,
  "converged": true,
  "dt_min": 2.5
 },
 "cavL0prop_nlf0416_Re4M_a4": {
  "CL": 0.9498,
  "CD": 0.01071,
  "xtr_up": 0.3241,
  "xtr_lo": 0.6205,
  "steps": 19996,
  "converged": true,
  "dt_min": 2.5
 },
 "cavL0prop_nlf0416_Re4M_a9": {
  "CL": 1.4102,
  "CD": 0.02461,
  "xtr_up": 0.0703,
  "xtr_lo": 0.6237,
  "steps": 19996,
  "converged": true,
  "dt_min": 2.5
 },
 "cavL0prop_nlf0416_Re4M_a15": {
  "CL": 1.3884,
  "CD": 0.11698,
  "xtr_up": 0.005,
  "xtr_lo": 0.6249,
  "steps": 19996,
  "converged": true,
  "dt_min": 2.5
 },
 "cavL1prop_nlf0416_Re4M_a0": {
  "CL": 0.52,
  "CD": 0.00669,
  "xtr_up": 0.3853,
  "xtr_lo": 0.5603,
  "steps": 24995,
  "converged": true,
  "dt_min": 8.0
 },
 "cavL1prop_nlf0416_Re4M_a15": {
  "CL": 1.9208,
  "CD": 0.03473,
  "xtr_up": 0.0004,
  "xtr_lo": 0.6614,
  "steps": 24995,
  "converged": true,
  "dt_min": 8.0
 },
 "cavL1prop_nlf0416_Re4M_a4": {
  "CL": 0.9812,
  "CD": 0.00828,
  "xtr_up": 0.2602,
  "xtr_lo": 0.6153,
  "steps": 24995,
  "converged": true,
  "dt_min": 8.0
 },
 "cavL1prop_nlf0416_Re4M_a9": {
  "CL": 1.5087,
  "CD": 0.0137,
  "xtr_up": 0.0829,
  "xtr_lo": 0.637,
  "steps": 29994,
  "converged": true,
  "dt_min": 11.0
 },
 "cavL2prop_nlf0416_Re4M_a4": {
  "CL": 0.9828,
  "CD": 0.00789,
  "xtr_up": 0.2478,
  "xtr_lo": 0.6164,
  "steps": 29994,
  "converged": true,
  "dt_min": 32.1
 },
 "strL0prop_nlf0416_Re4M_a0": {
  "CL": 0.4656,
  "CD": 0.00772,
  "xtr_up": 0.375,
  "xtr_lo": 0.465,
  "steps": 24995,
  "converged": true,
  "dt_min": 3.3
 },
 "strL0prop_nlf0416_Re4M_a4": {
  "CL": 0.904,
  "CD": 0.01018,
  "xtr_up": 0.225,
  "xtr_lo": 0.635,
  "steps": 24995,
  "converged": true,
  "dt_min": 3.3
 },
 "strL0prop_nlf0416_Re4M_a9": {
  "CL": 1.3411,
  "CD": 0.02156,
  "xtr_up": 0.01,
  "xtr_lo": 0.255,
  "steps": 19996,
  "converged": true,
  "dt_min": 2.3
 },
 "cavL2prop_nlf0416_Re4M_a0": {
  "CL": 0.5209,
  "CD": 0.00616,
  "xtr_up": 0.3821,
  "xtr_lo": 0.5329,
  "steps": 34993,
  "converged": true,
  "dt_min": 42.5
 },
 "strL0prop_nlf0416_Re4M_a15": {
  "CL": 1.4343,
  "CD": 0.06802,
  "xtr_up": 0.01,
  "xtr_lo": 0.33,
  "steps": 19996,
  "converged": true,
  "dt_min": 2.3
 },
 "strL1prop_nlf0416_Re4M_a0": {
  "CL": 0.4863,
  "CD": 0.00601,
  "xtr_up": 0.3801,
  "xtr_lo": 0.4977,
  "steps": 29994,
  "converged": true,
  "dt_min": 10.6
 },
 "strL1prop_nlf0416_Re4M_a4": {
  "CL": 0.9439,
  "CD": 0.00789,
  "xtr_up": 0.2451,
  "xtr_lo": 0.6253,
  "steps": 29994,
  "converged": true,
  "dt_min": 10.6
 },
 "strL1prop_nlf0416_Re4M_a15": {
  "CL": 1.8896,
  "CD": 0.03152,
  "xtr_up": 0.0011,
  "xtr_lo": 0.6538,
  "steps": 34993,
  "converged": true,
  "dt_min": 14.0
 },
 "strL1prop_nlf0416_Re4M_a9": {
  "CL": 1.4513,
  "CD": 0.01442,
  "xtr_up": 0.0456,
  "xtr_lo": 0.6402,
  "steps": 39992,
  "converged": true,
  "dt_min": 17.8
 },
 "cavL2prop_nlf0416_Re4M_a9": {
  "CL": 1.504,
  "CD": 0.0137,
  "xtr_up": 0.0538,
  "xtr_lo": 0.6388,
  "steps": 49990,
  "converged": true,
  "dt_min": 82.7
 },
 "cavL2prop_nlf0416_Re4M_a15": {
  "CL": 1.9905,
  "CD": 0.02787,
  "xtr_up": 0.0003,
  "xtr_lo": 0.6624,
  "steps": 49990,
  "converged": true,
  "dt_min": 82.5
 },
 "strL2prop_nlf0416_Re4M_a4": {
  "CL": 0.9542,
  "CD": 0.00728,
  "xtr_up": 0.2415,
  "xtr_lo": 0.6133,
  "steps": 29994,
  "converged": true,
  "dt_min": 33.2
 },
 "strL2prop_nlf0416_Re4M_a0": {
  "CL": 0.4936,
  "CD": 0.00558,
  "xtr_up": 0.3773,
  "xtr_lo": 0.5133,
  "steps": 34993,
  "converged": true,
  "dt_min": 44.1
 },
 "strL2prop_nlf0416_Re4M_a15": {
  "CL": 1.9561,
  "CD": 0.02692,
  "xtr_up": 0.0003,
  "xtr_lo": 0.6565,
  "steps": 59988,
  "converged": true,
  "dt_min": 120.4
 },
 "strL2prop_nlf0416_Re4M_a9": {
  "CL": 1.4802,
  "CD": 0.01239,
  "xtr_up": 0.0688,
  "xtr_lo": 0.6313,
  "steps": 64987,
  "converged": true,
  "dt_min": 140.3
 }
}