{
 "cavL0prop_nlf0416_Re4M_a0": {
  "CL": 0.4896,
  "CD": 0.00805,
  "xtr_up": 0.3553,
  "xtr_lo": 0.5923,
  "steps": 19996,
  "converged": true,
  "dt_min": 2.5
 },
 "cavL0prop_nlf0416_Re4M_a4": {
  "CL": 0.9511,
  "CD": 0.01063,
  "xtr_up": 0.3289,
  "xtr_lo": 0.6206,
  "steps": 19996,
  "converged": true,
  "dt_min": 2.5
 },
 "cavL0prop_nlf0416_Re4M_a9": {
  "CL": 1.4247,
  "CD": 0.02346,
  "xtr_up": 0.1052,
  "xtr_lo": 0.6207,
  "steps": 79984,
  "converged": true,
  "dt_min": 29.0
 },
 "cavL0prop_nlf0416_Re4M_a15": {
  "CL": 1.3869,
  "CD": 0.11726,
  "xtr_up": 0.004,
  "xtr_lo": 0.625,
  "steps": 19996,
  "converged": true,
  "dt_min": 2.5
 },
 "cavL1prop_nlf0416_Re4M_a0": {
  "CL": 0.5204,
  "CD": 0.00664,
  "xtr_up": 0.3916,
  "xtr_lo": 0.58,
  "steps": 24995,
  "converged": true,
  "dt_min": 8.0
 },
 "cavL1prop_nlf0416_Re4M_a4": {
  "CL": 0.9813,
  "CD": 0.00827,
  "xtr_up": 0.2713,
  "xtr_lo": 0.6201,
  "steps": 24995,
  "converged": true,
  "dt_min": 8.0
 },
 "cavL1prop_nlf0416_Re4M_a15": {
  "CL": 1.9213,
  "CD": 0.03474,
  "xtr_up": 0.0004,
  "xtr_lo": 0.6704,
  "steps": 79984,
  "converged": false,
  "dt_min": 67.3
 },
 "cavL1prop_nlf0416_Re4M_a9": {
  "CL": 1.5094,
  "CD": 0.01365,
  "xtr_up": 0.0848,
  "xtr_lo": 0.6385,
  "steps": 24995,
  "converged": true,
  "dt_min": 8.0
 },
 "cavL2prop_nlf0416_Re4M_a4": {
  "CL": 0.9843,
  "CD": 0.00776,
  "xtr_up": 0.2599,
  "xtr_lo": 0.6226,
  "steps": 29994,
  "converged": true,
  "dt_min": 32.4
 },
 "cavL2prop_nlf0416_Re4M_a0": {
  "CL": 0.5213,
  "CD": 0.00612,
  "xtr_up": 0.3918,
  "xtr_lo": 0.5677,
  "steps": 34993,
  "converged": true,
  "dt_min": 42.8
 },
 "strL0prop_nlf0416_Re4M_a9": {
  "CL": 1.4397,
  "CD": 0.02305,
  "xtr_up": 0.01,
  "xtr_lo": 0.29,
  "steps": 19996,
  "converged": true,
  "dt_min": 2.3
 },
 "strL0prop_nlf0416_Re4M_a4": {
  "CL": 0.9977,
  "CD": 0.01107,
  "xtr_up": 0.23,
  "xtr_lo": 0.645,
  "steps": 19996,
  "converged": true,
  "dt_min": 2.3
 },
 "strL0prop_nlf0416_Re4M_a15": {
  "CL": 1.4913,
  "CD": 0.07375,
  "xtr_up": 0.01,
  "xtr_lo": 0.365,
  "steps": 19996,
  "converged": true,
  "dt_min": 2.3
 },
 "strL0prop_nlf0416_Re4M_a0": {
  "CL": 0.5453,
  "CD": 0.00803,
  "xtr_up": 0.4,
  "xtr_lo": 0.59,
  "steps": 24995,
  "converged": true,
  "dt_min": 3.3
 },
 "strL1prop_nlf0416_Re4M_a0": {
  "CL": 0.505,
  "CD": 0.0061,
  "xtr_up": 0.395,
  "xtr_lo": 0.5524,
  "steps": 29994,
  "converged": true,
  "dt_min": 10.6
 },
 "strL1prop_nlf0416_Re4M_a4": {
  "CL": 0.9674,
  "CD": 0.0081,
  "xtr_up": 0.2551,
  "xtr_lo": 0.6205,
  "steps": 29994,
  "converged": true,
  "dt_min": 10.6
 },
 "strL1prop_nlf0416_Re4M_a15": {
  "CL": 1.922,
  "CD": 0.03241,
  "xtr_up": 0.0004,
  "xtr_lo": 0.6491,
  "steps": 34993,
  "converged": true,
  "dt_min": 14.1
 },
 "strL1prop_nlf0416_Re4M_a9": {
  "CL": 1.4834,
  "CD": 0.01486,
  "xtr_up": 0.0456,
  "xtr_lo": 0.64,
  "steps": 39992,
  "converged": true,
  "dt_min": 17.9
 },
 "strL2prop_nlf0416_Re4M_a0": {
  "CL": 0.5136,
  "CD": 0.0057,
  "xtr_up": 0.3849,
  "xtr_lo": 0.5663,
  "steps": 34993,
  "converged": true,
  "dt_min": 44.0
 },
 "strL2prop_nlf0416_Re4M_a4": {
  "CL": 0.9797,
  "CD": 0.0074,
  "xtr_up": 0.2537,
  "xtr_lo": 0.6133,
  "steps": 34993,
  "converged": true,
  "dt_min": 44.1
 },
 "cavL2prop_nlf0416_Re4M_a9": {
  "CL": 1.5041,
  "CD": 0.01369,
  "xtr_up": 0.054,
  "xtr_lo": 0.6389,
  "steps": 49990,
  "converged": true,
  "dt_min": 84.4
 },
 "cavL2prop_nlf0416_Re4M_a15": {
  "CL": 1.9905,
  "CD": 0.02787,
  "xtr_up": 0.0003,
  "xtr_lo": 0.6641,
  "steps": 49990,
  "converged": true,
  "dt_min": 82.5
 },
 "strL2prop_nlf0416_Re4M_a9": {
  "CL": 1.513,
  "CD": 0.01261,
  "xtr_up": 0.0726,
  "xtr_lo": 0.6329,
  "steps": 64987,
  "converged": true,
  "dt_min": 140.6
 },
 "strL2prop_nlf0416_Re4M_a15": {
  "CL": 2.0,
  "CD": 0.02675,
  "xtr_up": 0.0036,
  "xtr_lo": 0.662,
  "steps": 64987,
  "converged": true,
  "dt_min": 140.6
 }
}