{
 "cavL0prop_eppler387_Re200k_a0": {
  "CL": 0.3836,
  "CD": 0.0151,
  "xtr_up": 0.6192,
  "xtr_lo": 0.5541,
  "steps": 19996,
  "converged": true,
  "dt_min": 2.5
 },
 "cavL0prop_eppler387_Re200k_a7": {
  "CL": 1.0831,
  "CD": 0.05781,
  "xtr_up": 0.0495,
  "xtr_lo": 1.0,
  "steps": 19996,
  "converged": true,
  "dt_min": 2.5
 },
 "cavL0prop_eppler387_Re200k_a5": {
  "CL": 0.922,
  "CD": 0.04055,
  "xtr_up": 0.4181,
  "xtr_lo": 1.0,
  "steps": 19996,
  "converged": true,
  "dt_min": 2.5
 },
 "cavL0prop_eppler387_Re200k_a2": {
  "CL": 0.6065,
  "CD": 0.02094,
  "xtr_up": 0.5495,
  "xtr_lo": 1.0,
  "steps": 19996,
  "converged": true,
  "dt_min": 2.6
 },
 "cavL1prop_eppler387_Re200k_a0": {
  "CL": 0.3411,
  "CD": 0.01059,
  "xtr_up": 0.6491,
  "xtr_lo": 1.0,
  "steps": 19996,
  "converged": true,
  "dt_min": 5.1
 },
 "cavL1prop_eppler387_Re200k_a2": {
  "CL": 0.5674,
  "CD": 0.01312,
  "xtr_up": 0.5906,
  "xtr_lo": 1.0,
  "steps": 19996,
  "converged": true,
  "dt_min": 5.1
 },
 "cavL1prop_eppler387_Re200k_a5": {
  "CL": 0.8874,
  "CD": 0.02103,
  "xtr_up": 0.4936,
  "xtr_lo": 1.0,
  "steps": 19996,
  "converged": true,
  "dt_min": 5.1
 },
 "cavL1prop_eppler387_Re200k_a7": {
  "CL": 1.0822,
  "CD": 0.02625,
  "xtr_up": 0.1615,
  "xtr_lo": 1.0,
  "steps": 24995,
  "converged": true,
  "dt_min": 7.5
 },
 "cavL2prop_eppler387_Re200k_a0": {
  "CL": 0.3724,
  "CD": 0.01131,
  "xtr_up": 0.6684,
  "xtr_lo": 1.0,
  "steps": 24995,
  "converged": true,
  "dt_min": 21.3
 },
 "cavL2prop_eppler387_Re200k_a2": {
  "CL": 0.5912,
  "CD": 0.01301,
  "xtr_up": 0.6115,
  "xtr_lo": 1.0,
  "steps": 24995,
  "converged": true,
  "dt_min": 21.3
 },
 "cavL2prop_eppler387_Re200k_a5": {
  "CL": 0.9081,
  "CD": 0.01662,
  "xtr_up": 0.5229,
  "xtr_lo": 1.0,
  "steps": 24995,
  "converged": true,
  "dt_min": 21.4
 },
 "strL0prop_eppler387_Re200k_a0": {
  "CL": 0.3869,
  "CD": 0.01313,
  "xtr_up": 0.645,
  "xtr_lo": 0.998,
  "steps": 19996,
  "converged": true,
  "dt_min": 2.3
 },
 "strL0prop_eppler387_Re200k_a2": {
  "CL": 0.6083,
  "CD": 0.01411,
  "xtr_up": 0.59,
  "xtr_lo": 0.998,
  "steps": 19996,
  "converged": true,
  "dt_min": 2.3
 },
 "strL0prop_eppler387_Re200k_a5": {
  "CL": 0.9075,
  "CD": 0.02051,
  "xtr_up": 0.48,
  "xtr_lo": 0.9981,
  "steps": 19996,
  "converged": true,
  "dt_min": 2.3
 },
 "strL0prop_eppler387_Re200k_a7": {
  "CL": 1.0691,
  "CD": 0.02675,
  "xtr_up": 0.31,
  "xtr_lo": 0.9976,
  "steps": 19996,
  "converged": true,
  "dt_min": 2.3
 },
 "strL1prop_eppler387_Re200k_a2": {
  "CL": 0.6056,
  "CD": 0.01228,
  "xtr_up": 0.6104,
  "xtr_lo": 1.0,
  "steps": 19996,
  "converged": true,
  "dt_min": 5.2
 },
 "strL1prop_eppler387_Re200k_a5": {
  "CL": 0.9214,
  "CD": 0.01626,
  "xtr_up": 0.5185,
  "xtr_lo": 0.9997,
  "steps": 19996,
  "converged": true,
  "dt_min": 5.2
 },
 "strL1prop_eppler387_Re200k_a0": {
  "CL": 0.3855,
  "CD": 0.01101,
  "xtr_up": 0.6738,
  "xtr_lo": 1.0,
  "steps": 24995,
  "converged": true,
  "dt_min": 7.6
 },
 "cavL2prop_eppler387_Re200k_a7": {
  "CL": 1.1196,
  "CD": 0.0165,
  "xtr_up": 0.3984,
  "xtr_lo": 1.0,
  "steps": 29994,
  "converged": true,
  "dt_min": 29.7
 },
 "strL1prop_eppler387_Re200k_a7": {
  "CL": 1.1268,
  "CD": 0.01681,
  "xtr_up": 0.3787,
  "xtr_lo": 0.9997,
  "steps": 19996,
  "converged": true,
  "dt_min": 5.2
 },
 "strL2prop_eppler387_Re200k_a0": {
  "CL": 0.3879,
  "CD": 0.01067,
  "xtr_up": 0.6811,
  "xtr_lo": 0.999,
  "steps": 29994,
  "converged": true,
  "dt_min": 33.1
 },
 "strL2prop_eppler387_Re200k_a2": {
  "CL": 0.6068,
  "CD": 0.01223,
  "xtr_up": 0.6179,
  "xtr_lo": 0.9987,
  "steps": 29994,
  "converged": true,
  "dt_min": 33.1
 },
 "strL2prop_eppler387_Re200k_a5": {
  "CL": 0.9255,
  "CD": 0.01552,
  "xtr_up": 0.5311,
  "xtr_lo": 0.9984,
  "steps": 29994,
  "converged": true,
  "dt_min": 33.1
 },
 "strL2prop_eppler387_Re200k_a7": {
  "CL": 1.1411,
  "CD": 0.01442,
  "xtr_up": 0.4041,
  "xtr_lo": 0.9983,
  "steps": 34993,
  "converged": true,
  "dt_min": 43.9
 }
}