{
 "sweep_cavL0_Re60k_a5": {
  "CL": 0.8311,
  "CD": 0.03676,
  "xtr_up": 0.9981,
  "xtr_lo": 1.0,
  "steps": 19996,
  "converged": true,
  "dt_min": 2.6
 },
 "sweep_cavL0_Re460k_a5": {
  "CL": 0.9449,
  "CD": 0.01156,
  "xtr_up": 0.451,
  "xtr_lo": 0.9964,
  "steps": 19996,
  "converged": true,
  "dt_min": 2.6
 },
 "sweep_cavL0_Re100k_a5": {
  "CL": 0.8906,
  "CD": 0.02408,
  "xtr_up": 0.5262,
  "xtr_lo": 1.0,
  "steps": 19996,
  "converged": true,
  "dt_min": 2.6
 },
 "sweep_cavL0_Re300k_a5": {
  "CL": 0.9361,
  "CD": 0.01352,
  "xtr_up": 0.4764,
  "xtr_lo": 0.9974,
  "steps": 19996,
  "converged": true,
  "dt_min": 2.6
 },
 "sweep_strL0_Re60k_a5": {
  "CL": 0.6449,
  "CD": 0.05035,
  "xtr_up": 0.9879,
  "xtr_lo": 1.0,
  "steps": 19996,
  "converged": true,
  "dt_min": 2.3
 },
 "sweep_strL0_Re100k_a5": {
  "CL": 0.8015,
  "CD": 0.03599,
  "xtr_up": 0.52,
  "xtr_lo": 0.9989,
  "steps": 19996,
  "converged": true,
  "dt_min": 2.3
 },
 "sweep_strL0_Re300k_a5": {
  "CL": 0.9232,
  "CD": 0.01731,
  "xtr_up": 0.46,
  "xtr_lo": 0.9971,
  "steps": 19996,
  "converged": true,
  "dt_min": 2.3
 },
 "sweep_strL0_Re460k_a5": {
  "CL": 0.9339,
  "CD": 0.01536,
  "xtr_up": 0.425,
  "xtr_lo": 0.9962,
  "steps": 19996,
  "converged": true,
  "dt_min": 2.3
 },
 "sweep_cavL2_Re100k_a5": {
  "CL": 0.8594,
  "CD": 0.0341,
  "xtr_up": 0.5467,
  "xtr_lo": 0.9994,
  "steps": 24995,
  "converged": true,
  "dt_min": 23.4
 },
 "sweep_cavL2_Re300k_a5": {
  "CL": 0.9491,
  "CD": 0.01118,
  "xtr_up": 0.5104,
  "xtr_lo": 0.9976,
  "steps": 24995,
  "converged": true,
  "dt_min": 23.4
 },
 "sweep_cavL2_Re60k_a5": {
  "CL": 0.6949,
  "CD": 0.05216,
  "xtr_up": 0.9878,
  "xtr_lo": 0.9999,
  "steps": 24995,
  "converged": true,
  "dt_min": 23.4
 },
 "sweep_strL2_Re60k_a5": {
  "CL": 0.6205,
  "CD": 0.05406,
  "xtr_up": 0.9728,
  "xtr_lo": 1.0,
  "steps": 24995,
  "converged": true,
  "dt_min": 24.2
 },
 "sweep_cavL2_Re460k_a5": {
  "CL": 0.9583,
  "CD": 0.00897,
  "xtr_up": 0.4781,
  "xtr_lo": 0.9969,
  "steps": 29994,
  "converged": true,
  "dt_min": 32.0
 },
 "sweep_strL2_Re100k_a5": {
  "CL": 0.7687,
  "CD": 0.04438,
  "xtr_up": 0.5536,
  "xtr_lo": 0.9987,
  "steps": 29994,
  "converged": true,
  "dt_min": 33.6
 },
 "sweep_strL2_Re300k_a5": {
  "CL": 0.9401,
  "CD": 0.01111,
  "xtr_up": 0.512,
  "xtr_lo": 0.9974,
  "steps": 29994,
  "converged": true,
  "dt_min": 33.7
 },
 "sweep_strL2_Re460k_a5": {
  "CL": 0.9493,
  "CD": 0.00882,
  "xtr_up": 0.4786,
  "xtr_lo": 0.9966,
  "steps": 29994,
  "converged": true,
  "dt_min": 33.7
 }
}